Model,F1 Score,Exact Match,Hallucination Rate,Semantic Similarity
Baseline,0.33502472110200143,0.04,0.18,0.7570715734362602
DPO,0.3934567352533147,0.08,0.15,0.7947367522120475
